Workbook

Sheet TO PAY
A1: Name | B1: To Pay | C1: Paid? | D1: WS notes
A2: Adam Harris | B2: =Breakdown!K2 -> 16 | C2: Yes
A3: Adam Mills | B3: =Breakdown!K3 -> 204 | C3: Yes | F3: PAYMENT INFO
A4: Alex Newsham | B4: =Breakdown!K4 -> 12 | C4: Yes | F4: Account Name | G4: Cambridge University Hockey Club
A5: Alex Rontgen | B5: =Breakdown!K5 -> 8 | C5: Yes | F5: Account Number | G5: 72372762
A6: Alex Warren | B6: =Breakdown!K6 -> 143 | C6: Yes | F6: Sort Code | G6: 40-16-08
A7: Andi Kapounek | B7: =Breakdown!K7 -> 173.2 | C7: Yes | F7: Reference | G7: msubsINITIALSURNAME (eg msubsWSTUBBS)
A8: Archie Jenkins | B8: =Breakdown!K8 -> 302.19 | C8: Yes | F8: Due Date | G8: 8th January - late fines of £1/day after this
A9: Ben Crook | B9: =Breakdown!K9 -> 284.2 | C9: Yes | F9: All information can be found on email - contact ws418 if any issues :)
A10: Ben James | B10: =Breakdown!K10 -> 92.5 | C10: Yes
A11: Ben Tremblay | B11: =Breakdown!K11 -> 101 | C11: Yes | F11: Summary
A12: Benedict Holder | B12: =Breakdown!K12 -> 80.5 | C12: Yes | F12: Total | G12: =sum('TO PAY'!B2:B100) -> 9493.38
A13: Callum Wolvers | B13: =Breakdown!K13 -> 68.5 | C13: Yes | F13: Amount paid | G13: =SUMIF('TO PAY'!C2:C99,"Yes",'TO PAY'!B2:B99) -> 9358.38
A14: Calum Brown | B14: =Breakdown!K14 -> 10 | C14: Yes | F14: Amount outstanding | G14: =SUMIF('TO PAY'!C2:C100,"No",'TO PAY'!B2:B100) -> 135
A15: Calum Stevenson | B15: =Breakdown!K15 -> 204 | C15: Yes | F15: People paid | G15: =85-G16 -> 84
A16: Campbell Mackenzie | B16: =Breakdown!K16 -> 192 | C16: Yes | F16: People to pay | G16: =COUNTIF('TO PAY'!C2:C100,"No") -> 1
A17: Casey Mear | B17: =Breakdown!K17 -> 306.2 | C17: Yes | F17: Correct as of | G17: 46008.604
A18: Charles Waddington | B18: =Breakdown!K18 -> 92.5 | C18: Yes
A19: Chris Batten | B19: =Breakdown!K19 -> 76.5 | C19: Yes
A20: Chris Gibson | B20: =Breakdown!K20 -> 93.92 | C20: Yes
A21: Connor Singleton | B21: =Breakdown!K21 -> 78 | C21: Yes
A22: David Gee | B22: =Breakdown!K22 -> 192 | C22: Yes
A23: Don Lee | B23: =Breakdown!K23 -> 264.2 | C23: Yes
A24: Dylan Meacher-Nisbet | B24: =Breakdown!K24 -> 122 | C24: Yes
A25: Ed Timberlake | B25: =Breakdown!K25 -> 240 | C25: Yes
A26: Erik Van Kesteren | B26: =Breakdown!K26 -> 0 | C26: Yes
A27: Felix McClean | B27: =Breakdown!K27 -> 156.7 | C27: Yes
A28: Femi Owolade-Coombes | B28: =Breakdown!K28 -> -5.1 | C28: Yes | D28: Take off Lent subs
A29: Finn Dovey | B29: =Breakdown!K29 -> 88.5 | C29: Yes
A30: Finn Macare | B30: =Breakdown!K30 -> 216 | C30: Yes
A31: Fred Dickson | B31: =Breakdown!K31 -> 208 | C31: Yes
A32: Freddie Arbuthnott | B32: =Breakdown!K32 -> 22.9 | C32: Yes
A33: Freddie McElwaine-Johnn | B33: =Breakdown!K33 -> 161.7 | C33: Yes | D33: Chased
A34: Gabriel Haselhurst | B34: =Breakdown!K34 -> 153.5 | C34: Yes | D34: Paid 155
A35: George Cooper | B35: =Breakdown!K35 -> 261.68 | C35: Yes
A36: Harry Bannister | B36: =Breakdown!K36 -> 148.7 | C36: Yes
A37: Harry Neal | B37: =Breakdown!K37 -> 72.5 | C37: Yes
A38: Henry Forrest | B38: =Breakdown!K38 -> 68.5 | C38: Yes
A39: Henry Means | B39: =Breakdown!K39 -> 28 | C39: Yes
A40: Henry Murphy | B40: =Breakdown!K40 -> 106.5 | C40: Yes
A41: Jack Lloyd | B41: =Breakdown!K41 -> 284.2 | C41: Yes
A42: Jacob Schwandt | B42: =Breakdown!K42 -> 203 | C42: Yes
A43: Jakob Wierse | B43: =Breakdown!K43 -> 242 | C43: Yes
A44: James Cake | B44: =Breakdown!K44 -> -34.9 | C44: Yes
A45: James McKinlay-Smith | B45: =Breakdown!K45 -> 84.5 | C45: Yes
A46: Jamie Carruthers | B46: =Breakdown!K46 -> 76.5 | C46: Yes
... A56: Matt Braviner | B56: =Breakdown!K56 -> 208 | C56: Yes
A57: Matt Vennard | B57: =Breakdown!K57 -> -123.3 | C57: Yes | D57: Take off LT subs
A58: Nick Barclay | B58: =Breakdown!K58 -> 161.5 | C58: Yes
A59: Nils Rehtanz | B59: =Breakdown!K59 -> 97 | C59: Yes
A60: Ollie Bell | B60: =Breakdown!K60 -> 306.2 | C60: Yes
A61: Ollie Knight | B61: =Breakdown!K61 -> 101.5 | C61: Yes
A62: Ollie West | B62: =Breakdown!K62 -> 88.5 | C62: Yes
A63: Ossian Finch | B63: =Breakdown!K63 -> 163.4 | C63: Yes
A64: Owen Dyson | B64: =Breakdown!K64 -> 135 | C64: No
A65: Pete Jansen | B65: =Breakdown!K65 -> -66.6 | C65: Yes
A66: Rhys Gibbs | B66: =Breakdown!K66 -> -3.5 | C66: Yes | D66: Take off LT subs
A67: Riley Aumonier | B67: =Breakdown!K67 -> 80.5 | C67: Yes
A68: Rob Tingle | B68: =Breakdown!K68 -> 98.5 | C68: Yes
A69: Robbie Barnett | B69: =Breakdown!K69 -> 201 | C69: Yes | D69: Paid 205
A70: Sachin Bhogal | B70: =Breakdown!K70 -> 118.49 | C70: Yes
A71: Sam Featherstone | B71: =Breakdown!K71 -> -54.3 | C71: Yes
A72: Sam Martin | B72: =Breakdown!K72 -> 60.5 | C72: Yes
A73: Sam Pritchard | B73: =Breakdown!K73 -> 56 | C73: Yes | D73: Messaged chase on 20/01
A74: Sam Stevens | B74: =Breakdown!K74 -> 98.5 | C74: Yes | D74: Messaged chase on 20/01
A75: Samir Ahmad | B75: =Breakdown!K75 -> 117 | C75: Yes
A76: Theo Mellor | B76: =Breakdown!K76 -> 133.5 | C76: Yes | D76: Paid 120? Add £13.50 to LT subs
A77: Toby Holmes | B77: =Breakdown!K77 -> 48 | C77: Yes
A78: Toby Minor | B78: =Breakdown!K78 -> 68.5 | C78: Yes
A79: Tom Cunliffe | B79: =Breakdown!K79 -> 68.5 | C79: Yes
A80: Tom Faulkner | B80: =Breakdown!K80 -> 204 | C80: Yes | D80: Get him a kit receipt
A81: Tom Skerret | B81: =Breakdown!K81 -> 32.5 | C81: Yes
A82: Varun Singh | B82: =Breakdown!K82 -> 121.5 | C82: Yes
A83: Wilf Stokhuyzen | B83: =Breakdown!K83 -> -129.6 | C83: Yes
A84: Will Laird | B84: =Breakdown!K84 -> 0 | C84: Yes
A85: Will Stubbs | B85: =Breakdown!K85 -> 88.5 | C85: Yes
A86: Zack Fecher | B86: =Breakdown!K86 -> 77.99 | C86: Yes | D86: take £50 off LT subs - GK bag

Sheet Breakdown
A1: Name | B1: Base Rate | C1: League Fees | D1: BUCS fees | E1: Travel reimb | F1: Umpire reimb | G1: Kit | H1: Saxon | I1: Y1 | J1: Misc | K1: Total | L1: WS notes | N1: Already paid returner subs
A2: Adam Harris | C2: ='League fees'!G2 -> 16 | D2: ='BUCS fees'!E2 -> 0 | E2: =IFERROR(VLOOKUP(A2, Travel!$A$2:$B$99, 2, FALSE), "") | F2: =IFERROR(VLOOKUP(A2, Umpiring!$A$2:$C$100, 2, FALSE), "") | G2: ='CUMHC Kit'!E2 | H2: =IFERROR(VLOOKUP(A2, 'Saxon Order'!$A$2:$C$100, 2, FALSE), "") | I2: =IFERROR(VLOOKUP(A2, 'Y1 order'!$A$2:$D$100, 2, FALSE), "") | K2: =SUM(B2:J2) -> 16 | N2: Alex Newsham
A3: Adam Mills | B3: =IF(ISNUMBER(MATCH(A3, $N$2:$N$99, 0)), "", 85) -> 85 | C3: ='League fees'!G3 -> 32 | D3: ='BUCS fees'!E3 -> 0 | E3: =IFERROR(VLOOKUP(A3, Travel!$A$2:$B$99, 2, FALSE), "") | F3: =IFERROR(VLOOKUP(A3, Umpiring!$A$2:$C$100, 2, FALSE), "") | G3: ='CUMHC Kit'!E3 -> 87 | H3: =IFERROR(VLOOKUP(A3, 'Saxon Order'!$A$2:$C$100, 2, FALSE), "") | I3: =IFERROR(VLOOKUP(A3, 'Y1 order'!$A$2:$D$100, 2, FALSE), "") | K3: =SUM(B3:J3) -> 204 | N3: Alex Warren
A4: Alex Newsham | B4: =IF(ISNUMBER(MATCH(A4, $N$2:$N$99, 0)), "", 85) | C4: ='League fees'!G4 -> 12 | D4: ='BUCS fees'!E4 -> 0 | E4: =IFERROR(VLOOKUP(A4, Travel!$A$2:$B$99, 2, FALSE), "") | F4: =IFERROR(VLOOKUP(A4, Umpiring!$A$2:$C$100, 2, FALSE), "") | G4: ='CUMHC Kit'!E4 -> 0 | H4: =IFERROR(VLOOKUP(A4, 'Saxon Order'!$A$2:$C$100, 2, FALSE), "") | I4: =IFERROR(VLOOKUP(A4, 'Y1 order'!$A$2:$D$100, 2, FALSE), "") | K4: =SUM(B4:J4) -> 12 | N4: Andi Kapounek
A5: Alex Rontgen | B5: =IF(ISNUMBER(MATCH(A5, $N$2:$N$99, 0)), "", 85) -> 85 | C5: ='League fees'!G5 -> 8 | D5: ='BUCS fees'!E5 -> 0 | E5: =IFERROR(VLOOKUP(A5, Travel!$A$2:$B$99, 2, FALSE), "") | F5: =IFERROR(VLOOKUP(A5, Umpiring!$A$2:$C$100, 2, FALSE), "") | G5: ='CUMHC Kit'!E5 -> 0 | H5: =IFERROR(VLOOKUP(A5, 'Saxon Order'!$A$2:$C$100, 2, FALSE), "") | I5: =IFERROR(VLOOKUP(A5, 'Y1 order'!$A$2:$D$100, 2, FALSE), "") | J5: -85 | K5: =SUM(B5:J5) -> 8 | L5: didn't train | N5: Ben James
A6: Alex Warren | B6: =IF(ISNUMBER(MATCH(A6, $N$2:$N$99, 0)), "", 85) | C6: ='League fees'!G6 -> 48 | D6: ='BUCS fees'!E6 -> 30 | E6: =IFERROR(VLOOKUP(A6, Travel!$A$2:$B$99, 2, FALSE), "") | F6: =IFERROR(VLOOKUP(A6, Umpiring!$A$2:$C$100, 2, FALSE), "") | G6: ='CUMHC Kit'!E6 -> 65 | H6: =IFERROR(VLOOKUP(A6, 'Saxon Order'!$A$2:$C$100, 2, FALSE), "") | I6: =IFERROR(VLOOKUP(A6, 'Y1 order'!$A$2:$D$100, 2, FALSE), "") | K6: =SUM(B6:J6) -> 143 | N6: Benedict Holder
A7: Andi Kapounek | B7: =IF(ISNUMBER(MATCH(A7, $N$2:$N$99, 0)), "", 85) | C7: ='League fees'!G7 -> 28 | D7: ='BUCS fees'!E7 -> 24 | E7: =IFERROR(VLOOKUP(A7, Travel!$A$2:$B$99, 2, FALSE), "") | F7: =IFERROR(VLOOKUP(A7, Umpiring!$A$2:$C$100, 2, FALSE), "") | G7: ='CUMHC Kit'!E7 -> 65 | H7: =IFERROR(VLOOKUP(A7, 'Saxon Order'!$A$2:$C$100, 2, FALSE), "") -> 56.2 | I7: =IFERROR(VLOOKUP(A7, 'Y1 order'!$A$2:$D$100, 2, FALSE), "") | K7: =SUM(B7:J7) -> 173.2 | N7: Callum Wolvers
A8: Archie Jenkins | B8: =IF(ISNUMBER(MATCH(A8, $N$2:$N$99, 0)), "", 85) -> 85 | C8: ='League fees'!G8 -> 32 | D8: ='BUCS fees'!E8 -> 4 | E8: =IFERROR(VLOOKUP(A8, Travel!$A$2:$B$99, 2, FALSE), "") | F8: =IFERROR(VLOOKUP(A8, Umpiring!$A$2:$C$100, 2, FALSE), "") | G8: ='CUMHC Kit'!E8 -> 87 | H8: =IFERROR(VLOOKUP(A8, 'Saxon Order'!$A$2:$C$100, 2, FALSE), "") -> 56.2 | I8: =IFERROR(VLOOKUP(A8, 'Y1 order'!$A$2:$D$100, 2, FALSE), "") -> 37.99 | K8: =SUM(B8:J8) -> 302.19 | N8: Charles Waddington
A9: Ben Crook | B9: =IF(ISNUMBER(MATCH(A9, $N$2:$N$99, 0)), "", 85) -> 85 | C9: ='League fees'!G9 -> 52 | D9: ='BUCS fees'!E9 -> 4 | E9: =IFERROR(VLOOKUP(A9, Travel!$A$2:$B$99, 2, FALSE), "") | F9: =IFERROR(VLOOKUP(A9, Umpiring!$A$2:$C$100, 2, FALSE), "") | G9: ='CUMHC Kit'!E9 -> 87 | H9: =IFERROR(VLOOKUP(A9, 'Saxon Order'!$A$2:$C$100, 2, FALSE), "") -> 56.2 | I9: =IFERROR(VLOOKUP(A9, 'Y1 order'!$A$2:$D$100, 2, FALSE), "") | K9: =SUM(B9:J9) -> 284.2 | N9: Chris Batten
A10: Ben James | B10: =IF(ISNUMBER(MATCH(A10, $N$2:$N$99, 0)), "", 85) | C10: ='League fees'!G10 -> 40 | D10: ='BUCS fees'!E10 -> 20 | E10: =IFERROR(VLOOKUP(A10, Travel!$A$2:$B$99, 2, FALSE), "") | F10: =IFERROR(VLOOKUP(A10, Umpiring!$A$2:$C$100, 2, FALSE), "") | G10: ='CUMHC Kit'!E10 -> 32.5 | H10: =IFERROR(VLOOKUP(A10, 'Saxon Order'!$A$2:$C$100, 2, FALSE), "") | I10: =IFERROR(VLOOKUP(A10, 'Y1 order'!$A$2:$D$100, 2, FALSE), "") | K10: =SUM(B10:J10) -> 92.5 | N10: Connor Singleton
A11: Ben Tremblay | B11: =IF(ISNUMBER(MATCH(A11, $N$2:$N$99, 0)), "", 85) -> 85 | C11: ='League fees'!G11 -> 16 | D11: ='BUCS fees'!E11 -> 0 | E11: =IFERROR(VLOOKUP(A11, Travel!$A$2:$B$99, 2, FALSE), "") | F11: =IFERROR(VLOOKUP(A11, Umpiring!$A$2:$C$100, 2, FALSE), "") | G11: ='CUMHC Kit'!E11 -> 0 | H11: =IFERROR(VLOOKUP(A11, 'Saxon Order'!$A$2:$C$100, 2, FALSE), "") | I11: =IFERROR(VLOOKUP(A11, 'Y1 order'!$A$2:$D$100, 2, FALSE), "") | K11: =SUM(B11:J11) -> 101 | N11: Felix McClean
A12: Benedict Holder | B12: =IF(ISNUMBER(MATCH(A12, $N$2:$N$99, 0)), "", 85) | C12: ='League fees'!G12 -> 48 | D12: ='BUCS fees'!E12 -> 0 | E12: =IFERROR(VLOOKUP(A12, Travel!$A$2:$B$99, 2, FALSE), "") | F12: =IFERROR(VLOOKUP(A12, Umpiring!$A$2:$C$100, 2, FALSE), "") | G12: ='CUMHC Kit'!E12 -> 32.5 | H12: =IFERROR(VLOOKUP(A12, 'Saxon Order'!$A$2:$C$100, 2, FALSE), "") | I12: =IFERROR(VLOOKUP(A12, 'Y1 order'!$A$2:$D$100, 2, FALSE), "") | K12: =SUM(B12:J12) -> 80.5 | N12: Femi Owolade-Coombes
A13: Callum Wolvers | B13: =IF(ISNUMBER(MATCH(A13, $N$2:$N$99, 0)), "", 85) | C13: ='League fees'!G13 -> 20 | D13: ='BUCS fees'!E13 -> 16 | E13: =IFERROR(VLOOKUP(A13, Travel!$A$2:$B$99, 2, FALSE), "") | F13: =IFERROR(VLOOKUP(A13, Umpiring!$A$2:$C$100, 2, FALSE), "") | G13: ='CUMHC Kit'!E13 -> 32.5 | H13: =IFERROR(VLOOKUP(A13, 'Saxon Order'!$A$2:$C$100, 2, FALSE), "") | I13: =IFERROR(VLOOKUP(A13, 'Y1 order'!$A$2:$D$100, 2, FALSE), "") | K13: =SUM(B13:J13) -> 68.5 | N13: Finn Dovey
A14: Calum Brown | C14: ='League fees'!G14 -> 0 | D14: ='BUCS fees'!E14 -> 10 | E14: =IFERROR(VLOOKUP(A14, Travel!$A$2:$B$99, 2, FALSE), "") | F14: =IFERROR(VLOOKUP(A14, Umpiring!$A$2:$C$100, 2, FALSE), "") | G14: ='CUMHC Kit'!E14 -> 0 | H14: =IFERROR(VLOOKUP(A14, 'Saxon Order'!$A$2:$C$100, 2, FALSE), "") | I14: =IFERROR(VLOOKUP(A14, 'Y1 order'!$A$2:$D$100, 2, FALSE), "") | K14: =SUM(B14:J14) -> 10 | N14: Freddie Arbuthnott
A15: Calum Stevenson | B15: =IF(ISNUMBER(MATCH(A15, $N$2:$N$99, 0)), "", 85) -> 85 | C15: ='League fees'!G15 -> 32 | D15: ='BUCS fees'!E15 -> 0 | E15: =IFERROR(VLOOKUP(A15, Travel!$A$2:$B$99, 2, FALSE), "") | F15: =IFERROR(VLOOKUP(A15, Umpiring!$A$2:$C$100, 2, FALSE), "") | G15: ='CUMHC Kit'!E15 -> 87 | H15: =IFERROR(VLOOKUP(A15, 'Saxon Order'!$A$2:$C$100, 2, FALSE), "") | I15: =IFERROR(VLOOKUP(A15, 'Y1 order'!$A$2:$D$100, 2, FALSE), "") | K15: =SUM(B15:J15) -> 204 | N15: Freddie McElwaine-Johnn
A16: Campbell Mackenzie | B16: =IF(ISNUMBER(MATCH(A16, $N$2:$N$99, 0)), "", 85) -> 85 | C16: ='League fees'!G16 -> 20 | D16: ='BUCS fees'!E16 -> 0 | E16: =IFERROR(VLOOKUP(A16, Travel!$A$2:$B$99, 2, FALSE), "") | F16: =IFERROR(VLOOKUP(A16, Umpiring!$A$2:$C$100, 2, FALSE), "") | G16: ='CUMHC Kit'!E16 -> 87 | H16: =IFERROR(VLOOKUP(A16, 'Saxon Order'!$A$2:$C$100, 2, FALSE), "") | I16: =IFERROR(VLOOKUP(A16, 'Y1 order'!$A$2:$D$100, 2, FALSE), "") | K16: =SUM(B16:J16) -> 192 | N16: Freddie Ogilvie
A17: Casey Mear | B17: =IF(ISNUMBER(MATCH(A17, $N$2:$N$99, 0)), "", 85) -> 85 | C17: ='League fees'!G17 -> 48 | D17: ='BUCS fees'!E17 -> 30 | E17: =IFERROR(VLOOKUP(A17, Travel!$A$2:$B$99, 2, FALSE), "") | F17: =IFERROR(VLOOKUP(A17, Umpiring!$A$2:$C$100, 2, FALSE), "") | G17: ='CUMHC Kit'!E17 -> 87 | H17: =IFERROR(VLOOKUP(A17, 'Saxon Order'!$A$2:$C$100, 2, FALSE), "") -> 56.2 | I17: =IFERROR(VLOOKUP(A17, 'Y1 order'!$A$2:$D$100, 2, FALSE), "") | K17: =SUM(B17:J17) -> 306.2 | N17: Harry Bannister
A18: Charles Waddington | B18: =IF(ISNUMBER(MATCH(A18, $N$2:$N$99, 0)), "", 85) | C18: ='League fees'!G18 -> 40 | D18: ='BUCS fees'!E18 -> 20 | E18: =IFERROR(VLOOKUP(A18, Travel!$A$2:$B$99, 2, FALSE), "") | F18: =IFERROR(VLOOKUP(A18, Umpiring!$A$2:$C$100, 2, FALSE), "") | G18: ='CUMHC Kit'!E18 -> 32.5 | H18: =IFERROR(VLOOKUP(A18, 'Saxon Order'!$A$2:$C$100, 2, FALSE), "") | I18: =IFERROR(VLOOKUP(A18, 'Y1 order'!$A$2:$D$100, 2, FALSE), "") | K18: =SUM(B18:J18) -> 92.5 | N18: Harry Neal
A19: Chris Batten | B19: =IF(ISNUMBER(MATCH(A19, $N$2:$N$99, 0)), "", 85) | C19: ='League fees'!G19 -> 44 | D19: ='BUCS fees'!E19 -> 0 | E19: =IFERROR(VLOOKUP(A19, Travel!$A$2:$B$99, 2, FALSE), "") | F19: =IFERROR(VLOOKUP(A19, Umpiring!$A$2:$C$100, 2, FALSE), "") | G19: ='CUMHC Kit'!E19 -> 32.5 | H19: =IFERROR(VLOOKUP(A19, 'Saxon Order'!$A$2:$C$100, 2, FALSE), "") | I19: =IFERROR(VLOOKUP(A19, 'Y1 order'!$A$2:$D$100, 2, FALSE), "") | K19: =SUM(B19:J19) -> 76.5 | N19: Henry Forrest
A20: Chris Gibson | B20: =IF(ISNUMBER(MATCH(A20, $N$2:$N$99, 0)), "", 85) -> 85 | C20: ='League fees'!G20 -> 24 | D20: ='BUCS fees'!E20 -> 16 | E20: -31.08 | F20: =IFERROR(VLOOKUP(A20, Umpiring!$A$2:$C$100, 2, FALSE), "") | G20: ='CUMHC Kit'!E20 -> 0 | H20: =IFERROR(VLOOKUP(A20, 'Saxon Order'!$A$2:$C$100, 2, FALSE), "") | I20: =IFERROR(VLOOKUP(A20, 'Y1 order'!$A$2:$D$100, 2, FALSE), "") | K20: =SUM(B20:I20) -> 93.92 | L20: for Wandies taxis | N20: Henry Means
A21: Connor Singleton | B21: =IF(ISNUMBER(MATCH(A21, $N$2:$N$99, 0)), "", 85) | C21: ='League fees'!G21 -> 44 | D21: ='BUCS fees'!E21 -> 29 | E21: =IFERROR(VLOOKUP(A21, Travel!$A$2:$B$99, 2, FALSE), "") | F21: =IFERROR(VLOOKUP(A21, Umpiring!$A$2:$C$100, 2, FALSE), "") -> -60 | G21: ='CUMHC Kit'!E21 -> 65 | H21: =IFERROR(VLOOKUP(A21, 'Saxon Order'!$A$2:$C$100, 2, FALSE), "") | I21: =IFERROR(VLOOKUP(A21, 'Y1 order'!$A$2:$D$100, 2, FALSE), "") | K21: =SUM(B21:J21) -> 78 | N21: Henry Murphy
A22: David Gee | B22: =IF(ISNUMBER(MATCH(A22, $N$2:$N$99, 0)), "", 85) -> 85 | C22: ='League fees'!G22 -> 20 | D22: ='BUCS fees'!E22 -> 0 | E22: =IFERROR(VLOOKUP(A22, Travel!$A$2:$B$99, 2, FALSE), "") | F22: =IFERROR(VLOOKUP(A22, Umpiring!$A$2:$C$100, 2, FALSE), "") | G22: ='CUMHC Kit'!E22 -> 87 | H22: =IFERROR(VLOOKUP(A22, 'Saxon Order'!$A$2:$C$100, 2, FALSE), "") | I22: =IFERROR(VLOOKUP(A22, 'Y1 order'!$A$2:$D$100, 2, FALSE), "") | K22: =SUM(B22:J22) -> 192 | N22: James Cake
A23: Don Lee | B23: =IF(ISNUMBER(MATCH(A23, $N$2:$N$99, 0)), "", 85) -> 85 | C23: ='League fees'!G23 -> 36 | D23: ='BUCS fees'!E23 -> 0 | E23: =IFERROR(VLOOKUP(A23, Travel!$A$2:$B$99, 2, FALSE), "") | F23: =IFERROR(VLOOKUP(A23, Umpiring!$A$2:$C$100, 2, FALSE), "") | G23: ='CUMHC Kit'!E23 -> 87 | H23: =IFERROR(VLOOKUP(A23, 'Saxon Order'!$A$2:$C$100, 2, FALSE), "") -> 56.2 | I23: =IFERROR(VLOOKUP(A23, 'Y1 order'!$A$2:$D$100, 2, FALSE), "") | K23: =SUM(B23:J23) -> 264.2 | N23: James McKinlay-Smith
A24: Dylan Meacher-Nisbet | B24: =IF(ISNUMBER(MATCH(A24, $N$2:$N$99, 0)), "", 85) -> 85 | C24: ='League fees'!G24 -> 36 | D24: ='BUCS fees'!E24 -> 0 | E24: =IFERROR(VLOOKUP(A24, Travel!$A$2:$B$99, 2, FALSE), "") | F24: =IFERROR(VLOOKUP(A24, Umpiring!$A$2:$C$100, 2, FALSE), "") | G24: ='CUMHC Kit'!E24 -> 0 | H24: =IFERROR(VLOOKUP(A24, 'Saxon Order'!$A$2:$C$100, 2, FALSE), "") | I24: =IFERROR(VLOOKUP(A24, 'Y1 order'!$A$2:$D$100, 2, FALSE), "") | J24: 1 | K24: =SUM(B24:J24) -> 122 | L24: Late fine | N24: Jamie Carruthers
A25: Ed Timberlake | B25: =IF(ISNUMBER(MATCH(A25, $N$2:$N$99, 0)), "", 85) -> 85 | C25: ='League fees'!G25 -> 40 | D25: ='BUCS fees'!E25 -> 28 | E25: =IFERROR(VLOOKUP(A25, Travel!$A$2:$B$99, 2, FALSE), "") | F25: =IFERROR(VLOOKUP(A25, Umpiring!$A$2:$C$100, 2, FALSE), "") | G25: ='CUMHC Kit'!E25 -> 87 | H25: =IFERROR(VLOOKUP(A25, 'Saxon Order'!$A$2:$C$100, 2, FALSE), "") | I25: =IFERROR(VLOOKUP(A25, 'Y1 order'!$A$2:$D$100, 2, FALSE), "") | K25: =SUM(B25:J25) -> 240 | N25: Joe Greer
A26: Erik Van Kesteren | C26: ='League fees'!G26 -> 4 | D26: ='BUCS fees'!E26 -> 0 | E26: =IFERROR(VLOOKUP(A26, Travel!$A$2:$B$99, 2, FALSE), "") | F26: =IFERROR(VLOOKUP(A26, Umpiring!$A$2:$C$100, 2, FALSE), "") | G26: ='CUMHC Kit'!E26 -> 0 | H26: =IFERROR(VLOOKUP(A26, 'Saxon Order'!$A$2:$C$100, 2, FALSE), "") | I26: =IFERROR(VLOOKUP(A26, 'Y1 order'!$A$2:$D$100, 2, FALSE), "") | J26: -4 | K26: =SUM(B26:J26) -> 0 | L26: reimbursed | N26: Joe Conway
A27: Felix McClean | B27: =IF(ISNUMBER(MATCH(A27, $N$2:$N$99, 0)), "", 85) | C27: ='League fees'!G27 -> 44 | D27: ='BUCS fees'!E27 -> 24 | E27: =IFERROR(VLOOKUP(A27, Travel!$A$2:$B$99, 2, FALSE), "") | F27: =IFERROR(VLOOKUP(A27, Umpiring!$A$2:$C$100, 2, FALSE), "") | G27: ='CUMHC Kit'!E27 -> 32.5 | H27: =IFERROR(VLOOKUP(A27, 'Saxon Order'!$A$2:$C$100, 2, FALSE), "") -> 56.2 | I27: =IFERROR(VLOOKUP(A27, 'Y1 order'!$A$2:$D$100, 2, FALSE), "") | K27: =SUM(B27:J27) -> 156.7 | N27: Joseph Preddy
A28: Femi Owolade-Coombes | B28: =IF(ISNUMBER(MATCH(A28, $N$2:$N$99, 0)), "", 85) | C28: ='League fees'!G28 -> 28 | D28: ='BUCS fees'!E28 -> 25 | E28: =IFERROR(VLOOKUP(A28, Travel!$A$2:$B$99, 2, FALSE), "") -> -90.6 | F28: =IFERROR(VLOOKUP(A28, Umpiring!$A$2:$C$100, 2, FALSE), "") | G28: ='CUMHC Kit'!E28 -> 32.5 | H28: =IFERROR(VLOOKUP(A28, 'Saxon Order'!$A$2:$C$100, 2, FALSE), "") | I28: =IFERROR(VLOOKUP(A28, 'Y1 order'!$A$2:$D$100, 2, FALSE), "") | K28: =SUM(B28:J28) -> -5.1 | N28: Kyrill Borzenko
A29: Finn Dovey | B29: =IF(ISNUMBER(MATCH(A29, $N$2:$N$99, 0)), "", 85) | C29: ='League fees'!G29 -> 48 | D29: ='BUCS fees'!E29 -> 8 | E29: =IFERROR(VLOOKUP(A29, Travel!$A$2:$B$99, 2, FALSE), "") | F29: =IFERROR(VLOOKUP(A29, Umpiring!$A$2:$C$100, 2, FALSE), "") | G29: ='CUMHC Kit'!E29 -> 32.5 | H29: =IFERROR(VLOOKUP(A29, 'Saxon Order'!$A$2:$C$100, 2, FALSE), "") | I29: =IFERROR(VLOOKUP(A29, 'Y1 order'!$A$2:$D$100, 2, FALSE), "") | K29: =SUM(B29:J29) -> 88.5 | N29: Leo Parry-Wingfield
A30: Finn Macare | B30: =IF(ISNUMBER(MATCH(A30, $N$2:$N$99, 0)), "", 85) -> 85 | C30: ='League fees'!G30 -> 44 | D30: ='BUCS fees'!E30 -> 0 | E30: =IFERROR(VLOOKUP(A30, Travel!$A$2:$B$99, 2, FALSE), "") | F30: =IFERROR(VLOOKUP(A30, Umpiring!$A$2:$C$100, 2, FALSE), "") | G30: ='CUMHC Kit'!E30 -> 87 | H30: =IFERROR(VLOOKUP(A30, 'Saxon Order'!$A$2:$C$100, 2, FALSE), "") | I30: =IFERROR(VLOOKUP(A30, 'Y1 order'!$A$2:$D$100, 2, FALSE), "") | K30: =SUM(B30:J30) -> 216 | N30: Matt Vennard
A31: Fred Dickson | B31: =IF(ISNUMBER(MATCH(A31, $N$2:$N$99, 0)), "", 85) -> 85 | C31: ='League fees'!G31 -> 36 | D31: ='BUCS fees'!E31 -> 0 | E31: =IFERROR(VLOOKUP(A31, Travel!$A$2:$B$99, 2, FALSE), "") | F31: =IFERROR(VLOOKUP(A31, Umpiring!$A$2:$C$100, 2, FALSE), "") | G31: ='CUMHC Kit'!E31 -> 87 | H31: =IFERROR(VLOOKUP(A31, 'Saxon Order'!$A$2:$C$100, 2, FALSE), "") | I31: =IFERROR(VLOOKUP(A31, 'Y1 order'!$A$2:$D$100, 2, FALSE), "") | K31: =SUM(B31:J31) -> 208 | N31: Oliver Knight
A32: Freddie Arbuthnott | B32: =IF(ISNUMBER(MATCH(A32, $N$2:$N$99, 0)), "", 85) | C32: ='League fees'!G32 -> 44 | D32: ='BUCS fees'!E32 -> 20 | E32: =IFERROR(VLOOKUP(A32, Travel!$A$2:$B$99, 2, FALSE), "") -> -73.6 | F32: =IFERROR(VLOOKUP(A32, Umpiring!$A$2:$C$100, 2, FALSE), "") | G32: ='CUMHC Kit'!E32 -> 32.5 | H32: =IFERROR(VLOOKUP(A32, 'Saxon Order'!$A$2:$C$100, 2, FALSE), "") | I32: =IFERROR(VLOOKUP(A32, 'Y1 order'!$A$2:$D$100, 2, FALSE), "") | K32: =SUM(B32:J32) -> 22.9 | N32: Ollie West
A33: Freddie McElwaine-Johnn | B33: =IF(ISNUMBER(MATCH(A33, $N$2:$N$99, 0)), "", 85) | C33: ='League fees'!G33 -> 48 | D33: ='BUCS fees'!E33 -> 24 | E33: =IFERROR(VLOOKUP(A33, Travel!$A$2:$B$99, 2, FALSE), "") | F33: =IFERROR(VLOOKUP(A33, Umpiring!$A$2:$C$100, 2, FALSE), "") | G33: ='CUMHC Kit'!E33 -> 32.5 | H33: =IFERROR(VLOOKUP(A33, 'Saxon Order'!$A$2:$C$100, 2, FALSE), "") -> 56.2 | I33: =IFERROR(VLOOKUP(A33, 'Y1 order'!$A$2:$D$100, 2, FALSE), "") | J33: 1 | K33: =SUM(B33:J33) -> 161.7 | L33: Late fine | N33: Ossian Finch
A34: Gabriel Haselhurst | B34: =IF(ISNUMBER(MATCH(A34, $N$2:$N$99, 0)), "", 85) -> 85 | C34: ='League fees'!G34 -> 24 | D34: ='BUCS fees'!E34 -> 0 | E34: =IFERROR(VLOOKUP(A34, Travel!$A$2:$B$99, 2, FALSE), "") | F34: =IFERROR(VLOOKUP(A34, Umpiring!$A$2:$C$100, 2, FALSE), "") | G34: ='CUMHC Kit'!E34 -> 87 | H34: =IFERROR(VLOOKUP(A34, 'Saxon Order'!$A$2:$C$100, 2, FALSE), "") | I34: =IFERROR(VLOOKUP(A34, 'Y1 order'!$A$2:$D$100, 2, FALSE), "") | J34: -42.5 | K34: =SUM(B34:J34) -> 153.5 | L34: illness | N34: Owen Dyson
A35: George Cooper | B35: =IF(ISNUMBER(MATCH(A35, $N$2:$N$99, 0)), "", 85) -> 85 | C35: ='League fees'!G35 -> 12 | D35: ='BUCS fees'!E35 -> 0 | E35: =IFERROR(VLOOKUP(A35, Travel!$A$2:$B$99, 2, FALSE), "") | F35: =IFERROR(VLOOKUP(A35, Umpiring!$A$2:$C$100, 2, FALSE), "") | G35: ='CUMHC Kit'!E35 -> 32.5 | H35: =IFERROR(VLOOKUP(A35, 'Saxon Order'!$A$2:$C$100, 2, FALSE), "") -> 56.2 | I35: =IFERROR(VLOOKUP(A35, 'Y1 order'!$A$2:$D$100, 2, FALSE), "") -> 75.98 | K35: =SUM(B35:J35) -> 261.68 | N35: Peter Jansen
A36: Harry Bannister | B36: =IF(ISNUMBER(MATCH(A36, $N$2:$N$99, 0)), "", 85) | C36: ='League fees'!G36 -> 40 | D36: ='BUCS fees'!E36 -> 20 | E36: =IFERROR(VLOOKUP(A36, Travel!$A$2:$B$99, 2, FALSE), "") | F36: =IFERROR(VLOOKUP(A36, Umpiring!$A$2:$C$100, 2, FALSE), "") | G36: ='CUMHC Kit'!E36 -> 32.5 | H36: =IFERROR(VLOOKUP(A36, 'Saxon Order'!$A$2:$C$100, 2, FALSE), "") -> 56.2 | I36: =IFERROR(VLOOKUP(A36, 'Y1 order'!$A$2:$D$100, 2, FALSE), "") | K36: =SUM(B36:J36) -> 148.7 | N36: Riley Aumonier
A37: Harry Neal | B37: =IF(ISNUMBER(MATCH(A37, $N$2:$N$99, 0)), "", 85) | C37: ='League fees'!G37 -> 40 | D37: ='BUCS fees'!E37 -> 0 | E37: =IFERROR(VLOOKUP(A37, Travel!$A$2:$B$99, 2, FALSE), "") | F37: =IFERROR(VLOOKUP(A37, Umpiring!$A$2:$C$100, 2, FALSE), "") | G37: ='CUMHC Kit'!E37 -> 32.5 | H37: =IFERROR(VLOOKUP(A37, 'Saxon Order'!$A$2:$C$100, 2, FALSE), "") | I37: =IFERROR(VLOOKUP(A37, 'Y1 order'!$A$2:$D$100, 2, FALSE), "") | K37: =SUM(B37:J37) -> 72.5 | N37: Rob Tingle
A38: Henry Forrest | B38: =IF(ISNUMBER(MATCH(A38, $N$2:$N$99, 0)), "", 85) | C38: ='League fees'!G38 -> 36 | D38: ='BUCS fees'!E38 -> 0 | E38: =IFERROR(VLOOKUP(A38, Travel!$A$2:$B$99, 2, FALSE), "") | F38: =IFERROR(VLOOKUP(A38, Umpiring!$A$2:$C$100, 2, FALSE), "") | G38: ='CUMHC Kit'!E38 -> 32.5 | H38: =IFERROR(VLOOKUP(A38, 'Saxon Order'!$A$2:$C$100, 2, FALSE), "") | I38: =IFERROR(VLOOKUP(A38, 'Y1 order'!$A$2:$D$100, 2, FALSE), "") | K38: =SUM(B38:J38) -> 68.5 | N38: Sachin Bhogal
A39: Henry Means | B39: =IF(ISNUMBER(MATCH(A39, $N$2:$N$99, 0)), "", 85) | C39: ='League fees'!G39 -> 28 | D39: ='BUCS fees'!E39 -> 0 | E39: =IFERROR(VLOOKUP(A39, Travel!$A$2:$B$99, 2, FALSE), "") | F39: =IFERROR(VLOOKUP(A39, Umpiring!$A$2:$C$100, 2, FALSE), "") | G39: ='CUMHC Kit'!E39 -> 0 | H39: =IFERROR(VLOOKUP(A39, 'Saxon Order'!$A$2:$C$100, 2, FALSE), "") | I39: =IFERROR(VLOOKUP(A39, 'Y1 order'!$A$2:$D$100, 2, FALSE), "") | K39: =SUM(B39:J39) -> 28 | N39: Sam Featherstone
A40: Henry Murphy | B40: =IF(ISNUMBER(MATCH(A40, $N$2:$N$99, 0)), "", 85) | C40: ='League fees'!G40 -> 44 | D40: ='BUCS fees'!E40 -> 30 | E40: =IFERROR(VLOOKUP(A40, Travel!$A$2:$B$99, 2, FALSE), "") | F40: =IFERROR(VLOOKUP(A40, Umpiring!$A$2:$C$100, 2, FALSE), "") | G40: ='CUMHC Kit'!E40 -> 32.5 | H40: =IFERROR(VLOOKUP(A40, 'Saxon Order'!$A$2:$C$100, 2, FALSE), "") | I40: =IFERROR(VLOOKUP(A40, 'Y1 order'!$A$2:$D$100, 2, FALSE), "") | K40: =SUM(B40:J40) -> 106.5 | N40: Sam Martin
A41: Jack Lloyd | B41: =IF(ISNUMBER(MATCH(A41, $N$2:$N$99, 0)), "", 85) -> 85 | C41: ='League fees'!G41 -> 40 | D41: ='BUCS fees'!E41 -> 16 | E41: =IFERROR(VLOOKUP(A41, Travel!$A$2:$B$99, 2, FALSE), "") | F41: =IFERROR(VLOOKUP(A41, Umpiring!$A$2:$C$100, 2, FALSE), "") | G41: ='CUMHC Kit'!E41 -> 87 | H41: =IFERROR(VLOOKUP(A41, 'Saxon Order'!$A$2:$C$100, 2, FALSE), "") -> 56.2 | I41: =IFERROR(VLOOKUP(A41, 'Y1 order'!$A$2:$D$100, 2, FALSE), "") | K41: =SUM(B41:J41) -> 284.2 | N41: Sam Pritchard
A42: Jacob Schwandt | B42: =IF(ISNUMBER(MATCH(A42, $N$2:$N$99, 0)), "", 85) -> 85 | C42: ='League fees'!G42 -> 16 | D42: ='BUCS fees'!E42 -> 15 | E42: =IFERROR(VLOOKUP(A42, Travel!$A$2:$B$99, 2, FALSE), "") | F42: =IFERROR(VLOOKUP(A42, Umpiring!$A$2:$C$100, 2, FALSE), "") | G42: ='CUMHC Kit'!E42 -> 87 | H42: =IFERROR(VLOOKUP(A42, 'Saxon Order'!$A$2:$C$100, 2, FALSE), "") | I42: =IFERROR(VLOOKUP(A42, 'Y1 order'!$A$2:$D$100, 2, FALSE), "") | K42: =SUM(B42:J42) -> 203 | N42: Sam Stevens
A43: Jakob Wierse | B43: =IF(ISNUMBER(MATCH(A43, $N$2:$N$99, 0)), "", 85) -> 85 | C43: ='League fees'!G43 -> 40 | D43: ='BUCS fees'!E43 -> 30 | E43: =IFERROR(VLOOKUP(A43, Travel!$A$2:$B$99, 2, FALSE), "") | F43: =IFERROR(VLOOKUP(A43, Umpiring!$A$2:$C$100, 2, FALSE), "") | G43: ='CUMHC Kit'!E43 -> 87 | H43: =IFERROR(VLOOKUP(A43, 'Saxon Order'!$A$2:$C$100, 2, FALSE), "") | I43: =IFERROR(VLOOKUP(A43, 'Y1 order'!$A$2:$D$100, 2, FALSE), "") | K43: =SUM(B43:J43) -> 242 | N43: Samir Ahmad
A44: James Cake | B44: =IF(ISNUMBER(MATCH(A44, $N$2:$N$99, 0)), "", 85) | C44: ='League fees'!G44 -> 36 | D44: ='BUCS fees'!E44 -> 0 | E44: =IFERROR(VLOOKUP(A44, Travel!$A$2:$B$99, 2, FALSE), "") -> -103.4 | F44: =IFERROR(VLOOKUP(A44, Umpiring!$A$2:$C$100, 2, FALSE), "") | G44: ='CUMHC Kit'!E44 -> 32.5 | H44: =IFERROR(VLOOKUP(A44, 'Saxon Order'!$A$2:$C$100, 2, FALSE), "") | I44: =IFERROR(VLOOKUP(A44, 'Y1 order'!$A$2:$D$100, 2, FALSE), "") | K44: =SUM(B44:J44) -> -34.9 | N44: Tom Cunliffe
A45: James McKinlay-Smith | B45: =IF(ISNUMBER(MATCH(A45, $N$2:$N$99, 0)), "", 85) | C45: ='League fees'!G45 -> 32 | D45: ='BUCS fees'!E45 -> 20 | E45: =IFERROR(VLOOKUP(A45, Travel!$A$2:$B$99, 2, FALSE), "") | F45: =IFERROR(VLOOKUP(A45, Umpiring!$A$2:$C$100, 2, FALSE), "") | G45: ='CUMHC Kit'!E45 -> 32.5 | H45: =IFERROR(VLOOKUP(A45, 'Saxon Order'!$A$2:$C$100, 2, FALSE), "") | I45: =IFERROR(VLOOKUP(A45, 'Y1 order'!$A$2:$D$100, 2, FALSE), "") | K45: =SUM(B45:J45) -> 84.5 | N45: Toby Holmes
A46: Jamie Carruthers | B46: =IF(ISNUMBER(MATCH(A46, $N$2:$N$99, 0)), "", 85) | C46: ='League fees'!G46 -> 44 | D46: ='BUCS fees'!E46 -> 0 | E46: =IFERROR(VLOOKUP(A46, Travel!$A$2:$B$99, 2, FALSE), "") | F46: =IFERROR(VLOOKUP(A46, Umpiring!$A$2:$C$100, 2, FALSE), "") | G46: ='CUMHC Kit'!E46 -> 32.5 | H46: =IFERROR(VLOOKUP(A46, 'Saxon Order'!$A$2:$C$100, 2, FALSE), "") | I46: =IFERROR(VLOOKUP(A46, 'Y1 order'!$A$2:$D$100, 2, FALSE), "") | K46: =SUM(B46:J46) -> 76.5 | N46: Toby Minor
... A48: Joe Greer | B48: =IF(ISNUMBER(MATCH(A48, $N$2:$N$99, 0)), "", 85) | C48: ='League fees'!G48 -> 48 | D48: ='BUCS fees'!E48 -> 30 | E48: =IFERROR(VLOOKUP(A48, Travel!$A$2:$B$99, 2, FALSE), "") | F48: =IFERROR(VLOOKUP(A48, Umpiring!$A$2:$C$100, 2, FALSE), "") -> -90 | G48: ='CUMHC Kit'!E48 -> 32.5 | H48: =IFERROR(VLOOKUP(A48, 'Saxon Order'!$A$2:$C$100, 2, FALSE), "") | I48: =IFERROR(VLOOKUP(A48, 'Y1 order'!$A$2:$D$100, 2, FALSE), "") | K48: =SUM(B48:J48) -> 20.5 | N48: Will Stubbs
A49: Joseph Preddy | B49: =IF(ISNUMBER(MATCH(A49, $N$2:$N$99, 0)), "", 85) | C49: ='League fees'!G49 -> 4 | D49: ='BUCS fees'!E49 -> 0 | E49: =IFERROR(VLOOKUP(A49, Travel!$A$2:$B$99, 2, FALSE), "") | F49: =IFERROR(VLOOKUP(A49, Umpiring!$A$2:$C$100, 2, FALSE), "") | G49: ='CUMHC Kit'!E49 -> 32.5 | H49: =IFERROR(VLOOKUP(A49, 'Saxon Order'!$A$2:$C$100, 2, FALSE), "") -> 56.2 | I49: =IFERROR(VLOOKUP(A49, 'Y1 order'!$A$2:$D$100, 2, FALSE), "") | J49: -60 | K49: =SUM(B49:J49) -> 32.7 | L49: injury | N49: Zack Fecher
A50: Josh Cressall | B50: =IF(ISNUMBER(MATCH(A50, $N$2:$N$99, 0)), "", 85) -> 85 | C50: ='League fees'!G50 -> 32 | D50: ='BUCS fees'!E50 -> 8 | E50: =IFERROR(VLOOKUP(A50, Travel!$A$2:$B$99, 2, FALSE), "") | F50: =IFERROR(VLOOKUP(A50, Umpiring!$A$2:$C$100, 2, FALSE), "") | G50: ='CUMHC Kit'!E50 -> 87 | H50: =IFERROR(VLOOKUP(A50, 'Saxon Order'!$A$2:$C$100, 2, FALSE), "") | I50: =IFERROR(VLOOKUP(A50, 'Y1 order'!$A$2:$D$100, 2, FALSE), "") | K50: =SUM(B50:J50) -> 212
A51: Jude Lipson | B51: 85 | C51: ='League fees'!G51 -> 16 | D51: ='BUCS fees'!E51 -> 8 | E51: =IFERROR(VLOOKUP(A51, Travel!$A$2:$B$99, 2, FALSE), "") | F51: =IFERROR(VLOOKUP(A51, Umpiring!$A$2:$C$100, 2, FALSE), "") | G51: ='CUMHC Kit'!E51 -> 32.5 | H51: =IFERROR(VLOOKUP(A51, 'Saxon Order'!$A$2:$C$100, 2, FALSE), "") -> 56.2 | I51: =IFERROR(VLOOKUP(A51, 'Y1 order'!$A$2:$D$100, 2, FALSE), "") | J51: -55 | K51: =SUM(B51:J51) -> 142.7 | L51: reimbursed for not training until Mid November
A52: Kieran Patel | B52: =IF(ISNUMBER(MATCH(A52, $N$2:$N$99, 0)), "", 85) -> 85 | C52: ='League fees'!G52 -> 32 | D52: ='BUCS fees'!E52 -> 0 | E52: =IFERROR(VLOOKUP(A52, Travel!$A$2:$B$99, 2, FALSE), "") | F52: =IFERROR(VLOOKUP(A52, Umpiring!$A$2:$C$100, 2, FALSE), "") | G52: ='CUMHC Kit'!E52 -> 87 | H52: =IFERROR(VLOOKUP(A52, 'Saxon Order'!$A$2:$C$100, 2, FALSE), "") -> 56.2 | I52: =IFERROR(VLOOKUP(A52, 'Y1 order'!$A$2:$D$100, 2, FALSE), "") | K52: =SUM(B52:J52) -> 260.2
A53: Kyrill Borzenko | B53: 85 | C53: ='League fees'!G53 -> 32 | D53: ='BUCS fees'!E53 -> 0 | E53: =IFERROR(VLOOKUP(A53, Travel!$A$2:$B$99, 2, FALSE), "") -> -11.49 | F53: =IFERROR(VLOOKUP(A53, Umpiring!$A$2:$C$100, 2, FALSE), "") -> -120 | G53: ='CUMHC Kit'!E53 -> 32.5 | H53: =IFERROR(VLOOKUP(A53, 'Saxon Order'!$A$2:$C$100, 2, FALSE), "") | I53: =IFERROR(VLOOKUP(A53, 'Y1 order'!$A$2:$D$100, 2, FALSE), "") | K53: =SUM(B53:J53) -> 18.01
A54: Leo Parry-Wingfield | B54: =IF(ISNUMBER(MATCH(A54, $N$2:$N$99, 0)), "", 85) | C54: ='League fees'!G54 -> 40 | D54: ='BUCS fees'!E54 -> 0 | E54: =IFERROR(VLOOKUP(A54, Travel!$A$2:$B$99, 2, FALSE), "") | F54: =IFERROR(VLOOKUP(A54, Umpiring!$A$2:$C$100, 2, FALSE), "") | G54: ='CUMHC Kit'!E54 -> 32.5 | H54: =IFERROR(VLOOKUP(A54, 'Saxon Order'!$A$2:$C$100, 2, FALSE), "") | I54: =IFERROR(VLOOKUP(A54, 'Y1 order'!$A$2:$D$100, 2, FALSE), "") | K54: =SUM(B54:J54) -> 72.5
A55: Louis Patel | B55: =IF(ISNUMBER(MATCH(A55, $N$2:$N$99, 0)), "", 85) -> 85 | C55: ='League fees'!G55 -> 40 | D55: ='BUCS fees'!E55 -> 28 | E55: =IFERROR(VLOOKUP(A55, Travel!$A$2:$B$99, 2, FALSE), "") | F55: =IFERROR(VLOOKUP(A55, Umpiring!$A$2:$C$100, 2, FALSE), "") | G55: ='CUMHC Kit'!E55 -> 87 | H55: =IFERROR(VLOOKUP(A55, 'Saxon Order'!$A$2:$C$100, 2, FALSE), "") -> 56.2 | I55: =IFERROR(VLOOKUP(A55, 'Y1 order'!$A$2:$D$100, 2, FALSE), "") | K55: =SUM(B55:J55) -> 296.2
A56: Matt Braviner | B56: =IF(ISNUMBER(MATCH(A56, $N$2:$N$99, 0)), "", 85) -> 85 | C56: ='League fees'!G56 -> 36 | D56: ='BUCS fees'!E56 -> 0 | E56: =IFERROR(VLOOKUP(A56, Travel!$A$2:$B$99, 2, FALSE), "") | F56: =IFERROR(VLOOKUP(A56, Umpiring!$A$2:$C$100, 2, FALSE), "") | G56: ='CUMHC Kit'!E56 -> 87 | H56: =IFERROR(VLOOKUP(A56, 'Saxon Order'!$A$2:$C$100, 2, FALSE), "") | I56: =IFERROR(VLOOKUP(A56, 'Y1 order'!$A$2:$D$100, 2, FALSE), "") | K56: =SUM(B56:J56) -> 208
A57: Matt Vennard | B57: =IF(ISNUMBER(MATCH(A57, $N$2:$N$99, 0)), "", 85) | C57: ='League fees'!G57 -> 48 | D57: ='BUCS fees'!E57 -> 0 | E57: =IFERROR(VLOOKUP(A57, Travel!$A$2:$B$99, 2, FALSE), "") -> -208.8 | F57: =IFERROR(VLOOKUP(A57, Umpiring!$A$2:$C$100, 2, FALSE), "") | G57: ='CUMHC Kit'!E57 -> 32.5 | H57: =IFERROR(VLOOKUP(A57, 'Saxon Order'!$A$2:$C$100, 2, FALSE), "") | I57: =IFERROR(VLOOKUP(A57, 'Y1 order'!$A$2:$D$100, 2, FALSE), "") | J57: 5 | K57: =SUM(B57:J57) -> -123.3 | L57: Late fine
A58: Nick Barclay | B58: =IF(ISNUMBER(MATCH(A58, $N$2:$N$99, 0)), "", 85) -> 85 | C58: ='League fees'!G58 -> 28 | D58: ='BUCS fees'!E58 -> 16 | E58: =IFERROR(VLOOKUP(A58, Travel!$A$2:$B$99, 2, FALSE), "") | F58: =IFERROR(VLOOKUP(A58, Umpiring!$A$2:$C$100, 2, FALSE), "") | G58: ='CUMHC Kit'!E58 -> 32.5 | H58: =IFERROR(VLOOKUP(A58, 'Saxon Order'!$A$2:$C$100, 2, FALSE), "") | I58: =IFERROR(VLOOKUP(A58, 'Y1 order'!$A$2:$D$100, 2, FALSE), "") | K58: =SUM(B58:J58) -> 161.5
A59: Nils Rehtanz | B59: =IF(ISNUMBER(MATCH(A59, $N$2:$N$99, 0)), "", 85) -> 85 | C59: ='League fees'!G59 -> 12 | D59: ='BUCS fees'!E59 -> 0 | E59: =IFERROR(VLOOKUP(A59, Travel!$A$2:$B$99, 2, FALSE), "") | F59: =IFERROR(VLOOKUP(A59, Umpiring!$A$2:$C$100, 2, FALSE), "") | G59: ='CUMHC Kit'!E59 -> 0 | H59: =IFERROR(VLOOKUP(A59, 'Saxon Order'!$A$2:$C$100, 2, FALSE), "") | I59: =IFERROR(VLOOKUP(A59, 'Y1 order'!$A$2:$D$100, 2, FALSE), "") | K59: =SUM(B59:J59) -> 97
A60: Ollie Bell | B60: =IF(ISNUMBER(MATCH(A60, $N$2:$N$99, 0)), "", 85) -> 85 | C60: ='League fees'!G60 -> 48 | D60: ='BUCS fees'!E60 -> 30 | E60: =IFERROR(VLOOKUP(A60, Travel!$A$2:$B$99, 2, FALSE), "") | F60: =IFERROR(VLOOKUP(A60, Umpiring!$A$2:$C$100, 2, FALSE), "") | G60: ='CUMHC Kit'!E60 -> 87 | H60: =IFERROR(VLOOKUP(A60, 'Saxon Order'!$A$2:$C$100, 2, FALSE), "") -> 56.2 | I60: =IFERROR(VLOOKUP(A60, 'Y1 order'!$A$2:$D$100, 2, FALSE), "") | K60: =SUM(B60:J60) -> 306.2
A61: Ollie Knight | C61: ='League fees'!G61 -> 44 | D61: ='BUCS fees'!E61 -> 25 | E61: =IFERROR(VLOOKUP(A61, Travel!$A$2:$B$99, 2, FALSE), "") | F61: =IFERROR(VLOOKUP(A61, Umpiring!$A$2:$C$100, 2, FALSE), "") | G61: ='CUMHC Kit'!E61 -> 32.5 | H61: =IFERROR(VLOOKUP(A61, 'Saxon Order'!$A$2:$C$100, 2, FALSE), "") | I61: =IFERROR(VLOOKUP(A61, 'Y1 order'!$A$2:$D$100, 2, FALSE), "") | K61: =SUM(B61:J61) -> 101.5
A62: Ollie West | B62: =IF(ISNUMBER(MATCH(A62, $N$2:$N$99, 0)), "", 85) | C62: ='League fees'!G62 -> 36 | D62: ='BUCS fees'!E62 -> 20 | E62: =IFERROR(VLOOKUP(A62, Travel!$A$2:$B$99, 2, FALSE), "") | F62: =IFERROR(VLOOKUP(A62, Umpiring!$A$2:$C$100, 2, FALSE), "") | G62: ='CUMHC Kit'!E62 -> 32.5 | H62: =IFERROR(VLOOKUP(A62, 'Saxon Order'!$A$2:$C$100, 2, FALSE), "") | I62: =IFERROR(VLOOKUP(A62, 'Y1 order'!$A$2:$D$100, 2, FALSE), "") | K62: =SUM(B62:J62) -> 88.5
A63: Ossian Finch | B63: =IF(ISNUMBER(MATCH(A63, $N$2:$N$99, 0)), "", 85) | C63: ='League fees'!G63 -> 48 | D63: ='BUCS fees'!E63 -> 18 | E63: =IFERROR(VLOOKUP(A63, Travel!$A$2:$B$99, 2, FALSE), "") | F63: =IFERROR(VLOOKUP(A63, Umpiring!$A$2:$C$100, 2, FALSE), "") -> -15 | G63: ='CUMHC Kit'!E63 -> 0 | H63: =IFERROR(VLOOKUP(A63, 'Saxon Order'!$A$2:$C$100, 2, FALSE), "") -> 112.4 | I63: =IFERROR(VLOOKUP(A63, 'Y1 order'!$A$2:$D$100, 2, FALSE), "") | K63: =SUM(B63:J63) -> 163.4
A64: Owen Dyson | B64: =IF(ISNUMBER(MATCH(A64, $N$2:$N$99, 0)), "", 85) | C64: ='League fees'!G64 -> 40 | D64: ='BUCS fees'!E64 -> 30 | E64: =IFERROR(VLOOKUP(A64, Travel!$A$2:$B$99, 2, FALSE), "") | F64: =IFERROR(VLOOKUP(A64, Umpiring!$A$2:$C$100, 2, FALSE), "") | G64: ='CUMHC Kit'!E64 -> 65 | H64: =IFERROR(VLOOKUP(A64, 'Saxon Order'!$A$2:$C$100, 2, FALSE), "") | I64: =IFERROR(VLOOKUP(A64, 'Y1 order'!$A$2:$D$100, 2, FALSE), "") | K64: =SUM(B64:J64) -> 135
A65: Pete Jansen | B65: =IF(ISNUMBER(MATCH(A65, $N$2:$N$99, 0)), "", 85) -> 85 | C65: ='League fees'!G65 -> 44 | D65: ='BUCS fees'!E65 -> 30 | E65: =IFERROR(VLOOKUP(A65, Travel!$A$2:$B$99, 2, FALSE), "") -> -243.1 | F65: =IFERROR(VLOOKUP(A65, Umpiring!$A$2:$C$100, 2, FALSE), "") -> -15 | G65: ='CUMHC Kit'!E65 -> 32.5 | H65: =IFERROR(VLOOKUP(A65, 'Saxon Order'!$A$2:$C$100, 2, FALSE), "") | I65: =IFERROR(VLOOKUP(A65, 'Y1 order'!$A$2:$D$100, 2, FALSE), "") | K65: =SUM(B65:J65) -> -66.6
A66: Rhys Gibbs | C66: ='League fees'!G66 -> 24 | D66: ='BUCS fees'!E66 -> 0 | E66: =IFERROR(VLOOKUP(A66, Travel!$A$2:$B$99, 2, FALSE), "") | F66: =IFERROR(VLOOKUP(A66, Umpiring!$A$2:$C$100, 2, FALSE), "") -> -60 | G66: ='CUMHC Kit'!E66 -> 32.5 | H66: =IFERROR(VLOOKUP(A66, 'Saxon Order'!$A$2:$C$100, 2, FALSE), "") | I66: =IFERROR(VLOOKUP(A66, 'Y1 order'!$A$2:$D$100, 2, FALSE), "") | K66: =SUM(B66:J66) -> -3.5
A67: Riley Aumonier | B67: =IF(ISNUMBER(MATCH(A67, $N$2:$N$99, 0)), "", 85) | C67: ='League fees'!G67 -> 48 | D67: ='BUCS fees'!E67 -> 0 | E67: =IFERROR(VLOOKUP(A67, Travel!$A$2:$B$99, 2, FALSE), "") | F67: =IFERROR(VLOOKUP(A67, Umpiring!$A$2:$C$100, 2, FALSE), "") | G67: ='CUMHC Kit'!E67 -> 32.5 | H67: =IFERROR(VLOOKUP(A67, 'Saxon Order'!$A$2:$C$100, 2, FALSE), "") | I67: =IFERROR(VLOOKUP(A67, 'Y1 order'!$A$2:$D$100, 2, FALSE), "") | K67: =SUM(B67:J67) -> 80.5
A68: Rob Tingle | B68: =IF(ISNUMBER(MATCH(A68, $N$2:$N$99, 0)), "", 85) | C68: ='League fees'!G68 -> 44 | D68: ='BUCS fees'!E68 -> 0 | E68: =IFERROR(VLOOKUP(A68, Travel!$A$2:$B$99, 2, FALSE), "") | F68: =IFERROR(VLOOKUP(A68, Umpiring!$A$2:$C$100, 2, FALSE), "") | G68: ='CUMHC Kit'!E68 -> 54.5 | H68: =IFERROR(VLOOKUP(A68, 'Saxon Order'!$A$2:$C$100, 2, FALSE), "") | I68: =IFERROR(VLOOKUP(A68, 'Y1 order'!$A$2:$D$100, 2, FALSE), "") | K68: =SUM(B68:J68) -> 98.5
A69: Robbie Barnett | B69: =IF(ISNUMBER(MATCH(A69, $N$2:$N$99, 0)), "", 85) -> 85 | C69: ='League fees'!G69 -> 28 | D69: ='BUCS fees'!E69 -> 0 | E69: =IFERROR(VLOOKUP(A69, Travel!$A$2:$B$99, 2, FALSE), "") | F69: =IFERROR(VLOOKUP(A69, Umpiring!$A$2:$C$100, 2, FALSE), "") | G69: ='CUMHC Kit'!E69 -> 87 | H69: =IFERROR(VLOOKUP(A69, 'Saxon Order'!$A$2:$C$100, 2, FALSE), "") | I69: =IFERROR(VLOOKUP(A69, 'Y1 order'!$A$2:$D$100, 2, FALSE), "") | J69: 1 | K69: =SUM(B69:J69) -> 201 | L69: Late fine
A70: Sachin Bhogal | B70: =IF(ISNUMBER(MATCH(A70, $N$2:$N$99, 0)), "", 85) | C70: ='League fees'!G70 -> 48 | D70: ='BUCS fees'!E70 -> 0 | E70: =IFERROR(VLOOKUP(A70, Travel!$A$2:$B$99, 2, FALSE), "") | F70: =IFERROR(VLOOKUP(A70, Umpiring!$A$2:$C$100, 2, FALSE), "") | G70: ='CUMHC Kit'!E70 -> 32.5 | H70: =IFERROR(VLOOKUP(A70, 'Saxon Order'!$A$2:$C$100, 2, FALSE), "") | I70: =IFERROR(VLOOKUP(A70, 'Y1 order'!$A$2:$D$100, 2, FALSE), "") -> 37.99 | K70: =SUM(B70:J70) -> 118.49
A71: Sam Featherstone | B71: =IF(ISNUMBER(MATCH(A71, $N$2:$N$99, 0)), "", 85) | C71: ='League fees'!G71 -> 48 | D71: ='BUCS fees'!E71 -> 4 | E71: =IFERROR(VLOOKUP(A71, Travel!$A$2:$B$99, 2, FALSE), "") | F71: =IFERROR(VLOOKUP(A71, Umpiring!$A$2:$C$100, 2, FALSE), "") -> -195 | G71: ='CUMHC Kit'!E71 -> 32.5 | H71: =IFERROR(VLOOKUP(A71, 'Saxon Order'!$A$2:$C$100, 2, FALSE), "") -> 56.2 | I71: =IFERROR(VLOOKUP(A71, 'Y1 order'!$A$2:$D$100, 2, FALSE), "") | K71: =SUM(B71:J71) -> -54.3
A72: Sam Martin | B72: =IF(ISNUMBER(MATCH(A72, $N$2:$N$99, 0)), "", 85) | C72: ='League fees'!G72 -> 28 | D72: ='BUCS fees'!E72 -> 0 | E72: =IFERROR(VLOOKUP(A72, Travel!$A$2:$B$99, 2, FALSE), "") | F72: =IFERROR(VLOOKUP(A72, Umpiring!$A$2:$C$100, 2, FALSE), "") | G72: ='CUMHC Kit'!E72 -> 32.5 | H72: =IFERROR(VLOOKUP(A72, 'Saxon Order'!$A$2:$C$100, 2, FALSE), "") | I72: =IFERROR(VLOOKUP(A72, 'Y1 order'!$A$2:$D$100, 2, FALSE), "") | K72: =SUM(B72:J72) -> 60.5
A73: Sam Pritchard | B73: =IF(ISNUMBER(MATCH(A73, $N$2:$N$99, 0)), "", 85) | C73: ='League fees'!G73 -> 36 | D73: ='BUCS fees'!E73 -> 0 | E73: =IFERROR(VLOOKUP(A73, Travel!$A$2:$B$99, 2, FALSE), "") | F73: =IFERROR(VLOOKUP(A73, Umpiring!$A$2:$C$100, 2, FALSE), "") -> -45 | G73: ='CUMHC Kit'!E73 -> 65 | H73: =IFERROR(VLOOKUP(A73, 'Saxon Order'!$A$2:$C$100, 2, FALSE), "") | I73: =IFERROR(VLOOKUP(A73, 'Y1 order'!$A$2:$D$100, 2, FALSE), "") | K73: =SUM(B73:J73) -> 56
A74: Sam Stevens | B74: =IF(ISNUMBER(MATCH(A74, $N$2:$N$99, 0)), "", 85) | C74: ='League fees'!G74 -> 36 | D74: ='BUCS fees'!E74 -> 30 | E74: =IFERROR(VLOOKUP(A74, Travel!$A$2:$B$99, 2, FALSE), "") | F74: =IFERROR(VLOOKUP(A74, Umpiring!$A$2:$C$100, 2, FALSE), "") | G74: ='CUMHC Kit'!E74 -> 32.5 | H74: =IFERROR(VLOOKUP(A74, 'Saxon Order'!$A$2:$C$100, 2, FALSE), "") | I74: =IFERROR(VLOOKUP(A74, 'Y1 order'!$A$2:$D$100, 2, FALSE), "") | K74: =SUM(B74:J74) -> 98.5
A75: Samir Ahmad | B75: =IF(ISNUMBER(MATCH(A75, $N$2:$N$99, 0)), "", 85) | C75: ='League fees'!G75 -> 44 | D75: ='BUCS fees'!E75 -> 8 | E75: =IFERROR(VLOOKUP(A75, Travel!$A$2:$B$99, 2, FALSE), "") | F75: =IFERROR(VLOOKUP(A75, Umpiring!$A$2:$C$100, 2, FALSE), "") | G75: ='CUMHC Kit'!E75 -> 65 | H75: =IFERROR(VLOOKUP(A75, 'Saxon Order'!$A$2:$C$100, 2, FALSE), "") | I75: =IFERROR(VLOOKUP(A75, 'Y1 order'!$A$2:$D$100, 2, FALSE), "") | K75: =SUM(B75:J75) -> 117
A76: Theo Mellor | B76: =IF(ISNUMBER(MATCH(A76, $N$2:$N$99, 0)), "", 85) -> 85 | C76: ='League fees'!G76 -> 12 | D76: ='BUCS fees'!E76 -> 0 | E76: =IFERROR(VLOOKUP(A76, Travel!$A$2:$B$99, 2, FALSE), "") | F76: =IFERROR(VLOOKUP(A76, Umpiring!$A$2:$C$100, 2, FALSE), "") | G76: ='CUMHC Kit'!E76 -> 32.5 | H76: =IFERROR(VLOOKUP(A76, 'Saxon Order'!$A$2:$C$100, 2, FALSE), "") | I76: =IFERROR(VLOOKUP(A76, 'Y1 order'!$A$2:$D$100, 2, FALSE), "") | J76: 4 | K76: =SUM(B76:J76) -> 133.5 | L76: Late fine
A77: Toby Holmes | B77: =IF(ISNUMBER(MATCH(A77, $N$2:$N$99, 0)), "", 85) | C77: ='League fees'!G77 -> 28 | D77: ='BUCS fees'!E77 -> 20 | E77: =IFERROR(VLOOKUP(A77, Travel!$A$2:$B$99, 2, FALSE), "") | F77: =IFERROR(VLOOKUP(A77, Umpiring!$A$2:$C$100, 2, FALSE), "") | G77: ='CUMHC Kit'!E77 -> 0 | H77: =IFERROR(VLOOKUP(A77, 'Saxon Order'!$A$2:$C$100, 2, FALSE), "") | I77: =IFERROR(VLOOKUP(A77, 'Y1 order'!$A$2:$D$100, 2, FALSE), "") | K77: =SUM(B77:J77) -> 48
A78: Toby Minor | B78: =IF(ISNUMBER(MATCH(A78, $N$2:$N$99, 0)), "", 85) | C78: ='League fees'!G78 -> 36 | D78: ='BUCS fees'!E78 -> 0 | E78: =IFERROR(VLOOKUP(A78, Travel!$A$2:$B$99, 2, FALSE), "") | F78: =IFERROR(VLOOKUP(A78, Umpiring!$A$2:$C$100, 2, FALSE), "") | G78: ='CUMHC Kit'!E78 -> 32.5 | H78: =IFERROR(VLOOKUP(A78, 'Saxon Order'!$A$2:$C$100, 2, FALSE), "") | I78: =IFERROR(VLOOKUP(A78, 'Y1 order'!$A$2:$D$100, 2, FALSE), "") | K78: =SUM(B78:J78) -> 68.5
A79: Tom Cunliffe | B79: =IF(ISNUMBER(MATCH(A79, $N$2:$N$99, 0)), "", 85) | C79: ='League fees'!G79 -> 36 | D79: ='BUCS fees'!E79 -> 0 | E79: =IFERROR(VLOOKUP(A79, Travel!$A$2:$B$99, 2, FALSE), "") | F79: =IFERROR(VLOOKUP(A79, Umpiring!$A$2:$C$100, 2, FALSE), "") | G79: ='CUMHC Kit'!E79 -> 32.5 | H79: =IFERROR(VLOOKUP(A79, 'Saxon Order'!$A$2:$C$100, 2, FALSE), "") | I79: =IFERROR(VLOOKUP(A79, 'Y1 order'!$A$2:$D$100, 2, FALSE), "") | K79: =SUM(B79:J79) -> 68.5
A80: Tom Faulkner | B80: =IF(ISNUMBER(MATCH(A80, $N$2:$N$99, 0)), "", 85) -> 85 | C80: ='League fees'!G80 -> 32 | D80: ='BUCS fees'!E80 -> 0 | E80: =IFERROR(VLOOKUP(A80, Travel!$A$2:$B$99, 2, FALSE), "") | F80: =IFERROR(VLOOKUP(A80, Umpiring!$A$2:$C$100, 2, FALSE), "") | G80: ='CUMHC Kit'!E80 -> 87 | H80: =IFERROR(VLOOKUP(A80, 'Saxon Order'!$A$2:$C$100, 2, FALSE), "") | I80: =IFERROR(VLOOKUP(A80, 'Y1 order'!$A$2:$D$100, 2, FALSE), "") | K80: =SUM(B80:J80) -> 204
A81: Tom Skerret | C81: ='League fees'!G81 -> 4 | D81: ='BUCS fees'!E81 -> 0 | E81: =IFERROR(VLOOKUP(A81, Travel!$A$2:$B$99, 2, FALSE), "") | F81: =IFERROR(VLOOKUP(A81, Umpiring!$A$2:$C$100, 2, FALSE), "") | G81: ='CUMHC Kit'!E81 -> 32.5 | H81: =IFERROR(VLOOKUP(A81, 'Saxon Order'!$A$2:$C$100, 2, FALSE), "") | I81: =IFERROR(VLOOKUP(A81, 'Y1 order'!$A$2:$D$100, 2, FALSE), "") | J81: -4 | K81: =SUM(B81:J81) -> 32.5 | L81: match fee reimbursed
A82: Varun Singh | B82: =IF(ISNUMBER(MATCH(A82, $N$2:$N$99, 0)), "", 85) -> 85 | C82: ='League fees'!G82 -> 4 | D82: ='BUCS fees'!E82 -> 0 | E82: =IFERROR(VLOOKUP(A82, Travel!$A$2:$B$99, 2, FALSE), "") | F82: =IFERROR(VLOOKUP(A82, Umpiring!$A$2:$C$100, 2, FALSE), "") | G82: ='CUMHC Kit'!E82 -> 32.5 | H82: =IFERROR(VLOOKUP(A82, 'Saxon Order'!$A$2:$C$100, 2, FALSE), "") | I82: =IFERROR(VLOOKUP(A82, 'Y1 order'!$A$2:$D$100, 2, FALSE), "") | K82: =SUM(B82:J82) -> 121.5
A83: Wilf Stokhuyzen | B83: =IF(ISNUMBER(MATCH(A83, $N$2:$N$99, 0)), "", 85) | C83: ='League fees'!G83 -> 28 | D83: ='BUCS fees'!E83 -> 15 | E83: =IFERROR(VLOOKUP(A83, Travel!$A$2:$B$99, 2, FALSE), "") -> -162.6 | F83: =IFERROR(VLOOKUP(A83, Umpiring!$A$2:$C$100, 2, FALSE), "") -> -75 | G83: ='CUMHC Kit'!E83 -> 65 | H83: =IFERROR(VLOOKUP(A83, 'Saxon Order'!$A$2:$C$100, 2, FALSE), "") | I83: =IFERROR(VLOOKUP(A83, 'Y1 order'!$A$2:$D$100, 2, FALSE), "") | K83: =SUM(B83:J83) -> -129.6
A84: Will Laird | C84: ='League fees'!G84 -> 4 | D84: ='BUCS fees'!E84 -> 0 | E84: =IFERROR(VLOOKUP(A84, Travel!$A$2:$B$99, 2, FALSE), "") | F84: =IFERROR(VLOOKUP(A84, Umpiring!$A$2:$C$100, 2, FALSE), "") | G84: ='CUMHC Kit'!E84 -> 0 | H84: =IFERROR(VLOOKUP(A84, 'Saxon Order'!$A$2:$C$100, 2, FALSE), "") | I84: =IFERROR(VLOOKUP(A84, 'Y1 order'!$A$2:$D$100, 2, FALSE), "") | J84: -4 | K84: =SUM(B84:J84) -> 0 | L84: match fee reimbursed
A85: Will Stubbs | B85: =IF(ISNUMBER(MATCH(A85, $N$2:$N$99, 0)), "", 85) | C85: ='League fees'!G85 -> 36 | D85: ='BUCS fees'!E85 -> 20 | E85: =IFERROR(VLOOKUP(A85, Travel!$A$2:$B$99, 2, FALSE), "") | F85: =IFERROR(VLOOKUP(A85, Umpiring!$A$2:$C$100, 2, FALSE), "") | G85: ='CUMHC Kit'!E85 -> 32.5 | H85: =IFERROR(VLOOKUP(A85, 'Saxon Order'!$A$2:$C$100, 2, FALSE), "") | I85: =IFERROR(VLOOKUP(A85, 'Y1 order'!$A$2:$D$100, 2, FALSE), "") | K85: =SUM(B85:J85) -> 88.5
A86: Zack Fecher | B86: =IF(ISNUMBER(MATCH(A86, $N$2:$N$99, 0)), "", 85) | C86: ='League fees'!G86 -> 40 | D86: ='BUCS fees'!E86 -> 0 | E86: =IFERROR(VLOOKUP(A86, Travel!$A$2:$B$99, 2, FALSE), "") | F86: =IFERROR(VLOOKUP(A86, Umpiring!$A$2:$C$100, 2, FALSE), "") | G86: ='CUMHC Kit'!E86 | H86: =IFERROR(VLOOKUP(A86, 'Saxon Order'!$A$2:$C$100, 2, FALSE), "") | I86: =IFERROR(VLOOKUP(A86, 'Y1 order'!$A$2:$D$100, 2, FALSE), "") -> 37.99 | K86: =SUM(B86:J86) -> 77.99
A88: Total | B88: =SUM(B2:B86) -> 2890 | C88: =SUM(C2:C86) -> 2780 | D88: =SUM(D2:D86) -> 828 | E88: =SUM(E2:E86) -> -924.67 | F88: =SUM(F2:F86) -> -795 | G88: =SUM(G2:G86) -> 3756 | H88: =SUM(H2:H86) -> 1011.6 | I88: =SUM(I2:I86) -> 189.95 | ... K88: =SUM(K2:K86) -> 9493.38
G90: Y1 + saxon | H90: =H88+I88 -> 1201.55

Sheet League fees
A1: Player | B1: Blues Saturday | C1: Wandies Saturday | D1: Squandies Saturday | E1: Blundies Saturday | F1: Total Saturday League Appearances | G1: Total Match Fees
A2: Adam Harris | B2: 0 | C2: 0 | D2: 1 | E2: 3 | F2: 4 | G2: =(F2*4) -> 16
A3: Adam Mills | B3: 0 | C3: 0 | D3: 2 | E3: 6 | F3: 8 | G3: =(F3*4) -> 32
A4: Alex Newsham | B4: 0 | C4: 0 | D4: 0 | E4: 3 | F4: 3 | G4: =(F4*4) -> 12
A5: Alex Rontgen | B5: 0 | C5: 0 | D5: 0 | E5: 2 | F5: 2 | G5: =(F5*4) -> 8
A6: Alex Warren | B6: 12 | C6: 0 | D6: 0 | E6: 0 | F6: 12 | G6: =(F6*4) -> 48
A7: Andi Kapounek | B7: 2 | C7: 5 | D7: 0 | E7: 0 | F7: 7 | G7: =(F7*4) -> 28
A8: Archie Jenkins | B8: 0 | C8: 0 | D8: 7 | E8: 1 | F8: 8 | G8: =(F8*4) -> 32
A9: Ben Crook | B9: 0 | C9: 2 | D9: 11 | E9: 0 | F9: 13 | G9: =(F9*4) -> 52
A10: Ben James | B10: 0 | C10: 10 | D10: 0 | E10: 0 | F10: 10 | G10: =(F10*4) -> 40
A11: Ben Tremblay | B11: 0 | C11: 0 | D11: 0 | E11: 4 | F11: 4 | G11: =(F11*4) -> 16
A12: Benedict Holder | B12: 0 | C12: 0 | D12: 0 | E12: 12 | F12: 12 | G12: =(F12*4) -> 48
A13: Callum Wolvers | B13: 0 | C13: 5 | D13: 0 | E13: 0 | F13: 5 | G13: =(F13*4) -> 20
... A86: Zach Fecher | B86: 0 | C86: 1 | D86: 1 | E86: 8 | F86: 10 | G86: =(F86*4) -> 40

Sheet BUCS fees
A1: Player | B1: Blues BUCS | C1: Wandies BUCS | D1: Total BUCS Appearances | E1: Total Match Fees
A2: Adam Harris | B2: 0 | C2: 0 | D2: 0 | E2: =B2*5+C2*4 -> 0
A3: Adam Mills | B3: 0 | C3: 0 | D3: 0 | E3: =B3*5+C3*4 -> 0
A4: Alex Newsham | B4: 0 | C4: 0 | D4: 0 | E4: =B4*5+C4*4 -> 0
A5: Alex Rontgen | B5: 0 | C5: 0 | D5: 0 | E5: =B5*5+C5*4 -> 0
A6: Alex Warren | B6: 6 | C6: 0 | D6: 6 | E6: =B6*5+C6*4 -> 30
A7: Andi Kapounek | B7: 0 | C7: 6 | D7: 6 | E7: =B7*5+C7*4 -> 24
A8: Archie Jenkins | B8: 0 | C8: 1 | D8: 1 | E8: =B8*5+C8*4 -> 4
A9: Ben Crook | B9: 0 | C9: 1 | D9: 1 | E9: =B9*5+C9*4 -> 4
A10: Ben James | B10: 0 | C10: 5 | D10: 5 | E10: =B10*5+C10*4 -> 20
A11: Ben Tremblay | B11: 0 | C11: 0 | D11: 0 | E11: =B11*5+C11*4 -> 0
A12: Benedict Holder | B12: 0 | C12: 0 | D12: 0 | E12: =B12*5+C12*4 -> 0
A13: Callum Wolvers | B13: 0 | C13: 4 | D13: 4 | E13: =B13*5+C13*4 -> 16
... A86: Zach Fecher | B86: 0 | C86: 0 | D86: 0 | E86: =B86*5+C86*4 -> 0

Sheet Travel
A1: Name | B1: Owed
A2: Wilf Stokhuyzen | B2: -162.6
A3: Pete Jansen | B3: =-137-106.1 -> -243.1
A4: James Cake | B4: -103.4
A5: Femi Owolade-Coombes | B5: -90.6
A6: Freddie Arbuthnott | B6: -73.6
A7: Kyrill Borzenko | B7: -11.49
A8: Matt Vennard | B8: -208.8
B10: =SUM(B2:B8) -> -893.59

Sheet Umpiring
A1: Name | B1: Amount owed / £ | C1: Friendlies | D1: BUCS | E1: League | F1: Paid?
A2: Sam Featherstone | B2: -195 | C2: 3 | D2: 4 | E2: 6
A3: Rob Lewis | B3: -300 | C3: 5 | D3: 9 | E3: 6 | F3: Yes
A4: Bev Budd | B4: -210 | C4: 4 | D4: 7 | E4: 3 | F4: Yes
A5: Kyrill Borzenko | B5: -120 | C5: 1 | D5: 3 | E5: 4
A6: Pete Jansen | B6: -15 | C6: 1
A7: Joe Conway | B7: -120 | C7: 2 | E7: 6
A8: Rhys Gibbs | B8: -60 | C8: 1 | E8: 3
A9: Josh Ripley | B9: -60 | D9: 1 | E9: 3 | F9: Yes
A10: Jenna Langley | B10: -45 | D10: 1 | E10: 2 | G10: edited 07/01
A11: Joe Greer | B11: -90 | E11: 6
A12: Wilf Stokhuyzen | B12: -75 | C12: 1 | D12: 1 | E12: 3 | G12: edited 07/01
A13: Sian Rees | B13: -30 | E13: 2
A14: Ian Wilson | B14: -30 | E14: 2 | F14: Yes
A15: Felix Polonius | B15: -15 | E15: 1 | F15: Yes
A16: Sam Pritchard | B16: -45 | E16: 3
A17: Cal Wolvers | B17: -45 | E17: 3
A18: Connor Singleton | B18: -60 | E18: 4
A19: Ossian Finch | B19: -15 | E19: 1
A20: Maia Polonius | B20: -15 | E20: 1 | F20: Yes
A21: Millie Ely | B21: -45 | E21: 3
A22: Jack Childs | B22: -15 | E22: 1 | F22: Yes
A23: James MS | B23: -15 | E23: 1
A24: Katie Jeans | B24: -15 | E24: 1
A26: Total included in subs | B26: =SUM(B2:B24)-B3-B4-B14-B15-B20-B22-B9 -> -990

Sheet CUMHC Kit
A1: Name | B1: Home shirt | C1: Away shirt | D1: Shorts | E1: Total cost
A3: Adam Mills | B3: 1 | C3: 1 | D3: 1 | E3: =(B3+C3)*$H$3+D3*$H$4 -> 87 | G3: Cost of shirt | H3: 32.5
E4: =(B4+C4)*$H$3+D4*$H$4 -> 0 | G4: Cost of shorts | H4: 22
E5: =(B5+C5)*$H$3+D5*$H$4 -> 0
A6: Alex Warren | B6: 1 | C6: 1 | E6: =(B6+C6)*$H$3+D6*$H$4 -> 65
A7: Andi Kapounek | B7: 1 | C7: 1 | E7: =(B7+C7)*$H$3+D7*$H$4 -> 65
A8: Archie Jenkins | B8: 1 | C8: 1 | D8: 1 | E8: =(B8+C8)*$H$3+D8*$H$4 -> 87
A9: Ben Crook | B9: 1 | C9: 1 | D9: 1 | E9: =(B9+C9)*$H$3+D9*$H$4 -> 87
A10: Ben James | B10: 1 | E10: =(B10+C10)*$H$3+D10*$H$4 -> 32.5
A11: Ben Tremblay | E11: =(B11+C11)*$H$3+D11*$H$4 -> 0
A12: Benedict Holder | B12: 1 | E12: =(B12+C12)*$H$3+D12*$H$4 -> 32.5
A13: Callum Wolvers | B13: 1 | E13: =(B13+C13)*$H$3+D13*$H$4 -> 32.5
E14: =(B14+C14)*$H$3+D14*$H$4 -> 0
A15: Calum Stephenson | B15: 1 | C15: 1 | D15: 1 | E15: =(B15+C15)*$H$3+D15*$H$4 -> 87
A16: Campbell Mackenzie | B16: 1 | C16: 1 | D16: 1 | E16: =(B16+C16)*$H$3+D16*$H$4 -> 87
A17: Casey Mear | B17: 1 | C17: 1 | D17: 1 | E17: =(B17+C17)*$H$3+D17*$H$4 -> 87
A18: Charles Waddington | B18: 1 | E18: =(B18+C18)*$H$3+D18*$H$4 -> 32.5
A19: Chris Batten | B19: 1 | E19: =(B19+C19)*$H$3+D19*$H$4 -> 32.5
E20: =(B20+C20)*$H$3+D20*$H$4 -> 0
A21: Connor Singleton | B21: 1 | C21: 1 | E21: =(B21+C21)*$H$3+D21*$H$4 -> 65
A22: David Gee | B22: 1 | C22: 1 | D22: 1 | E22: =(B22+C22)*$H$3+D22*$H$4 -> 87
A23: Don Lee | B23: 1 | C23: 1 | D23: 1 | E23: =(B23+C23)*$H$3+D23*$H$4 -> 87
E24: =(B24+C24)*$H$3+D24*$H$4 -> 0
A25: Ed Timberlake | B25: 1 | C25: 1 | D25: 1 | E25: =(B25+C25)*$H$3+D25*$H$4 -> 87
E26: =(B26+C26)*$H$3+D26*$H$4 -> 0
A27: Felix McClean | B27: 1 | E27: =(B27+C27)*$H$3+D27*$H$4 -> 32.5
A28: Femi Owolade-Coombes | B28: 1 | E28: =(B28+C28)*$H$3+D28*$H$4 -> 32.5
A29: Finn Dovey | B29: 1 | E29: =(B29+C29)*$H$3+D29*$H$4 -> 32.5
A30: Finn Macare | B30: 1 | C30: 1 | D30: 1 | E30: =(B30+C30)*$H$3+D30*$H$4 -> 87
A31: Fred Dickson | B31: 1 | C31: 1 | D31: 1 | E31: =(B31+C31)*$H$3+D31*$H$4 -> 87
A32: Freddie Arbuthnott | B32: 1 | E32: =(B32+C32)*$H$3+D32*$H$4 -> 32.5
A33: Freddie McElwaine-Johnn | B33: 1 | E33: =(B33+C33)*$H$3+D33*$H$4 -> 32.5
A34: Gabriel Haselhurst | B34: 1 | C34: 1 | D34: 1 | E34: =(B34+C34)*$H$3+D34*$H$4 -> 87
A35: George Cooper | B35: 1 | E35: =(B35+C35)*$H$3+D35*$H$4 -> 32.5
A36: Harry Bannister | B36: 1 | E36: =(B36+C36)*$H$3+D36*$H$4 -> 32.5
A37: Harry Neal | B37: 1 | E37: =(B37+C37)*$H$3+D37*$H$4 -> 32.5
A38: Henry Forrest | B38: 1 | E38: =(B38+C38)*$H$3+D38*$H$4 -> 32.5
E39: =(B39+C39)*$H$3+D39*$H$4 -> 0
A40: Henry Murphy | B40: 1 | E40: =(B40+C40)*$H$3+D40*$H$4 -> 32.5
A41: Jack Lloyd | B41: 1 | C41: 1 | D41: 1 | E41: =(B41+C41)*$H$3+D41*$H$4 -> 87
A42: Jacob Schwandt | B42: 1 | C42: 1 | D42: 1 | E42: =(B42+C42)*$H$3+D42*$H$4 -> 87
A43: Jakob Wierse | B43: 1 | C43: 1 | D43: 1 | E43: =(B43+C43)*$H$3+D43*$H$4 -> 87
A44: James Cake | B44: 1 | E44: =(B44+C44)*$H$3+D44*$H$4 -> 32.5
A45: James McKinlay-Smith | B45: 1 | E45: =(B45+C45)*$H$3+D45*$H$4 -> 32.5
A46: Jamie Carruthers | B46: 1 | E46: =(B46+C46)*$H$3+D46*$H$4 -> 32.5
A47: Joe Conway | B47: 1 | E47: =(B47+C47)*$H$3+D47*$H$4 -> 32.5
A48: Joe Greer | B48: 1 | E48: =(B48+C48)*$H$3+D48*$H$4 -> 32.5
A49: Joseph Preddy | B49: 1 | E49: =(B49+C49)*$H$3+D49*$H$4 -> 32.5
A50: Josh Cressall | B50: 1 | C50: 1 | D50: 1 | E50: =(B50+C50)*$H$3+D50*$H$4 -> 87
A51: Jude Lipson | B51: 1 | E51: =(B51+C51)*$H$3+D51*$H$4 -> 32.5
A52: Keiran Patel | B52: 1 | C52: 1 | D52: 1 | E52: =(B52+C52)*$H$3+D52*$H$4 -> 87
A53: Kyrill Borzenko | B53: 1 | E53: =(B53+C53)*$H$3+D53*$H$4 -> 32.5
A54: Leo Parry-Wingfield | B54: 1 | E54: =(B54+C54)*$H$3+D54*$H$4 -> 32.5
A55: Louis Patel | B55: 1 | C55: 1 | D55: 1 | E55: =(B55+C55)*$H$3+D55*$H$4 -> 87
A56: Matt Braviner | B56: 1 | C56: 1 | D56: 1 | E56: =(B56+C56)*$H$3+D56*$H$4 -> 87
A57: Matt Vennard | B57: 1 | E57: =(B57+C57)*$H$3+D57*$H$4 -> 32.5
A58: Nick Barclay | B58: 1 | E58: =(B58+C58)*$H$3+D58*$H$4 -> 32.5
E59: =(B59+C59)*$H$3+D59*$H$4 -> 0
A60: Ollie Bell | B60: 1 | C60: 1 | D60: 1 | E60: =(B60+C60)*$H$3+D60*$H$4 -> 87
A61: Ollie Knight | B61: 1 | E61: =(B61+C61)*$H$3+D61*$H$4 -> 32.5
A62: Ollie West | B62: 1 | E62: =(B62+C62)*$H$3+D62*$H$4 -> 32.5
E63: =(B63+C63)*$H$3+D63*$H$4 -> 0
A64: Owen Dyson | B64: 1 | C64: 1 | E64: =(B64+C64)*$H$3+D64*$H$4 -> 65
A65: Pete Jansen | B65: 1 | E65: =(B65+C65)*$H$3+D65*$H$4 -> 32.5
A66: Rhys Gibbs | B66: 1 | E66: =(B66+C66)*$H$3+D66*$H$4 -> 32.5
A67: Riley Aumonier | B67: 1 | E67: =(B67+C67)*$H$3+D67*$H$4 -> 32.5
A68: Rob Tingle | B68: 1 | D68: 1 | E68: =(B68+C68)*$H$3+D68*$H$4 -> 54.5
A69: Robbie Barnett | B69: 1 | C69: 1 | D69: 1 | E69: =(B69+C69)*$H$3+D69*$H$4 -> 87
A70: Sachin Bhogal | B70: 1 | E70: =(B70+C70)*$H$3+D70*$H$4 -> 32.5
A71: Sam Featherstone | B71: 1 | E71: =(B71+C71)*$H$3+D71*$H$4 -> 32.5
A72: Sam Martin | B72: 1 | E72: =(B72+C72)*$H$3+D72*$H$4 -> 32.5
A73: Sam Pritchard | B73: 1 | C73: 1 | E73: =(B73+C73)*$H$3+D73*$H$4 -> 65
A74: Sam Stevens | B74: 1 | E74: =(B74+C74)*$H$3+D74*$H$4 -> 32.5
A75: Samir Ahmad | B75: 1 | C75: 1 | E75: =(B75+C75)*$H$3+D75*$H$4 -> 65
A76: Theo Mellor | B76: 1 | E76: =(B76+C76)*$H$3+D76*$H$4 -> 32.5
E77: =(B77+C77)*$H$3+D77*$H$4 -> 0
A78: Toby Minor | B78: 1 | E78: =(B78+C78)*$H$3+D78*$H$4 -> 32.5
A79: Tom Cunliffe | B79: 1 | E79: =(B79+C79)*$H$3+D79*$H$4 -> 32.5
A80: Tom Faulkner | B80: 1 | C80: 1 | D80: 1 | E80: =(B80+C80)*$H$3+D80*$H$4 -> 87
A81: Tom Skerret | B81: 1 | E81: =(B81+C81)*$H$3+D81*$H$4 -> 32.5
A82: Varun Singh | B82: 1 | E82: =(B82+C82)*$H$3+D82*$H$4 -> 32.5
A83: Wilf Stokhuyzen | B83: 1 | C83: 1 | E83: =(B83+C83)*$H$3+D83*$H$4 -> 65
E84: =(B84+C84)*$H$3+D84*$H$4 -> 0
A85: Will Stubbs | B85: 1 | E85: =(B85+C85)*$H$3+D85*$H$4 -> 32.5

Sheet Saxon Order
A1: Name | B1: Cost | C1: Quantity
A2: Andi Kapounek | B2: 56.2 | C2: 1
A3: Archie Jenkins | B3: 56.2 | C3: 1
A4: Ben Crook | B4: 56.2 | C4: 1
A5: Casey Mear | B5: 56.2 | C5: 1
A6: Don Lee | B6: 56.2 | C6: 1
A7: Felix McClean | B7: 56.2 | C7: 1
A8: Freddie McElwaine-Johnn | B8: 56.2 | C8: 1
A9: George Cooper | B9: 56.2 | C9: 1
A10: Harry Bannister | B10: 56.2 | C10: 1
A11: Jack Lloyd | B11: 56.2 | C11: 1
A12: Joseph Preddy | B12: 56.2 | C12: 1
A13: Jude Lipson | B13: 56.2 | C13: 1
... A20: Thomas Faulkner | B20: 56.2 | C20: 1

Sheet Y1 order
A1: Name | B1: Cost | C1: Size | D1: Initals (if desired) | E1: BLACK-BLUE-BLACK | F1: WHITE-BLUE-WHITE
A2: Sachin Bhogal | B2: 37.99 | C2: S | D2: SB | F2: 1
A3: Zack Fecher | B3: 37.99 | C3: M | D3: ZBF | E3: 1
A4: Archie Jenkins | B4: 37.99 | C4: M | D4: AWJ | F4: 1
A5: George Cooper | B5: 75.98 | C5: M | D5: GEC | E5: 1 | F5: 1

Sheet Notes
A1: TO DO
A2: Pay external umpires
A3: Get kit costs from Felix
A4: Get umpiring from Sam/Rhys
